name,generator_family,lineage_atoms,source_confidence,scope,gate,quality_score,challenge_risk,total_score,descriptive_risk,similarity_risk,closest_mark,scope_penalty,itunes_de_count,itunes_de_exact,itunes_ch_count,itunes_ch_exact,itunes_us_count,itunes_us_exact,itunes_exact_countries,itunes_unknown_countries,domain_com_available,domain_com_fallback_available,domain_com_fallback_domain,domain_de_available,domain_ch_available,web_result_count,web_exact_hits,web_near_hits,web_sample_domains,web_source,pypi_exists,npm_exists,social_github_available,social_linkedin_available,social_x_available,social_instagram_available,social_unavailable_count,social_unknown_count,adversarial_risk,adversarial_top_hits,psych_spelling_risk,psych_trust_proxy,gibberish_penalty,gibberish_flags,false_friend_risk,false_friend_hits,trademark_dpma_url,trademark_swissreg_url,trademark_tmview_url,external_penalty,hard_fail,fail_reason,recommendation
trueledger,expression,trueledger,0.55,global,balanced,86,21,75,0,25,objego,0,-2,False,-2,False,-2,False,,,unknown,unknown,,unknown,unknown,0,0,0,,disabled,unknown,unknown,unknown,unknown,unknown,unknown,0,4,0,,0,70,0,,0,,https://register.dpma.de/DPMAregister/marke/register/erweitert?queryString=trueledger,https://www.swissreg.ch/srclient/faces/jsp/trademark/sr300.jsp?language=de&searchText=trueledger,https://www.tmdn.org/tmview/#/tmsearch?page=1&criteria=trueledger,8,False,,strong
trueledva,expression,trueled;va,0.55,global,balanced,94,22,83,0,26,kostal,0,-2,False,-2,False,-2,False,,,unknown,unknown,,unknown,unknown,0,0,0,,disabled,unknown,unknown,unknown,unknown,unknown,unknown,0,4,0,,0,70,0,,0,,https://register.dpma.de/DPMAregister/marke/register/erweitert?queryString=trueledva,https://www.swissreg.ch/srclient/faces/jsp/trademark/sr300.jsp?language=de&searchText=trueledva,https://www.tmdn.org/tmview/#/tmsearch?page=1&criteria=trueledva,8,False,,strong
certorio,source_pool,certo;rio,0.86,global,balanced,98,23,86,0,28,objego,0,-2,False,-2,False,-2,False,,,unknown,unknown,,unknown,unknown,0,0,0,,disabled,unknown,unknown,unknown,unknown,unknown,unknown,0,4,0,,0,76,0,,0,,https://register.dpma.de/DPMAregister/marke/register/erweitert?queryString=certorio,https://www.swissreg.ch/srclient/faces/jsp/trademark/sr300.jsp?language=de&searchText=certorio,https://www.tmdn.org/tmview/#/tmsearch?page=1&criteria=certorio,8,False,,strong
lumenvia,source_pool,lumen;via,0.86,global,balanced,98,23,86,0,28,saldeo,0,-2,False,-2,False,-2,False,,,unknown,unknown,,unknown,unknown,0,0,0,,disabled,unknown,unknown,unknown,unknown,unknown,unknown,0,4,0,,0,70,0,,0,,https://register.dpma.de/DPMAregister/marke/register/erweitert?queryString=lumenvia,https://www.swissreg.ch/srclient/faces/jsp/trademark/sr300.jsp?language=de&searchText=lumenvia,https://www.tmdn.org/tmview/#/tmsearch?page=1&criteria=lumenvia,8,False,,strong
terravia,source_pool,terra;via,0.82,global,balanced,98,23,86,0,28,kostal,0,-2,False,-2,False,-2,False,,,unknown,unknown,,unknown,unknown,0,0,0,,disabled,unknown,unknown,unknown,unknown,unknown,unknown,0,4,0,,0,70,0,,0,,https://register.dpma.de/DPMAregister/marke/register/erweitert?queryString=terravia,https://www.swissreg.ch/srclient/faces/jsp/trademark/sr300.jsp?language=de&searchText=terravia,https://www.tmdn.org/tmview/#/tmsearch?page=1&criteria=terravia,8,False,,strong
ledgerla,source_pool,ledger;la,0.80,global,balanced,95,23,83,0,28,objego,0,-2,False,-2,False,-2,False,,,unknown,unknown,,unknown,unknown,0,0,0,,disabled,unknown,unknown,unknown,unknown,unknown,unknown,0,4,0,,0,70,0,,0,,https://register.dpma.de/DPMAregister/marke/register/erweitert?queryString=ledgerla,https://www.swissreg.ch/srclient/faces/jsp/trademark/sr300.jsp?language=de&searchText=ledgerla,https://www.tmdn.org/tmview/#/tmsearch?page=1&criteria=ledgerla,8,False,,strong
veromen,blend,vero;lumen,0.88,global,balanced,93,24,81,0,30,objego,0,-2,False,-2,False,-2,False,,,unknown,unknown,,unknown,unknown,0,0,0,,disabled,unknown,unknown,unknown,unknown,unknown,unknown,0,4,0,,0,70,0,,0,,https://register.dpma.de/DPMAregister/marke/register/erweitert?queryString=veromen,https://www.swissreg.ch/srclient/faces/jsp/trademark/sr300.jsp?language=de&searchText=veromen,https://www.tmdn.org/tmview/#/tmsearch?page=1&criteria=veromen,8,False,,strong
verorto,blend,vero;certo,0.88,global,balanced,93,24,81,0,30,objego,0,-2,False,-2,False,-2,False,,,unknown,unknown,,unknown,unknown,0,0,0,,disabled,unknown,unknown,unknown,unknown,unknown,unknown,0,4,0,,0,70,0,,0,,https://register.dpma.de/DPMAregister/marke/register/erweitert?queryString=verorto,https://www.swissreg.ch/srclient/faces/jsp/trademark/sr300.jsp?language=de&searchText=verorto,https://www.tmdn.org/tmview/#/tmsearch?page=1&criteria=verorto,8,False,,strong
verobil,blend,vero;stabil,0.87,global,balanced,93,24,81,0,30,objego,0,-2,False,-2,False,-2,False,,,unknown,unknown,,unknown,unknown,0,0,0,,disabled,unknown,unknown,unknown,unknown,unknown,unknown,0,4,0,,0,70,0,,0,,https://register.dpma.de/DPMAregister/marke/register/erweitert?queryString=verobil,https://www.swissreg.ch/srclient/faces/jsp/trademark/sr300.jsp?language=de&searchText=verobil,https://www.tmdn.org/tmview/#/tmsearch?page=1&criteria=verobil,8,False,,strong
certono,source_pool,certo;no,0.86,global,balanced,93,24,81,0,30,objego,0,-2,False,-2,False,-2,False,,,unknown,unknown,,unknown,unknown,0,0,0,,disabled,unknown,unknown,unknown,unknown,unknown,unknown,0,4,0,,0,76,0,,0,,https://register.dpma.de/DPMAregister/marke/register/erweitert?queryString=certono,https://www.swissreg.ch/srclient/faces/jsp/trademark/sr300.jsp?language=de&searchText=certono,https://www.tmdn.org/tmview/#/tmsearch?page=1&criteria=certono,8,False,,strong
lumenna,source_pool,lumen;na,0.86,global,balanced,93,24,81,0,30,saldeo,0,-2,False,-2,False,-2,False,,,unknown,unknown,,unknown,unknown,0,0,0,,disabled,unknown,unknown,unknown,unknown,unknown,unknown,0,4,0,,0,70,0,,0,,https://register.dpma.de/DPMAregister/marke/register/erweitert?queryString=lumenna,https://www.swissreg.ch/srclient/faces/jsp/trademark/sr300.jsp?language=de&searchText=lumenna,https://www.tmdn.org/tmview/#/tmsearch?page=1&criteria=lumenna,8,False,,strong
lumenva,source_pool,lumen;va,0.86,global,balanced,93,24,81,0,30,saldeo,0,-2,False,-2,False,-2,False,,,unknown,unknown,,unknown,unknown,0,0,0,,disabled,unknown,unknown,unknown,unknown,unknown,unknown,0,4,0,,0,70,0,,0,,https://register.dpma.de/DPMAregister/marke/register/erweitert?queryString=lumenva,https://www.swissreg.ch/srclient/faces/jsp/trademark/sr300.jsp?language=de&searchText=lumenva,https://www.tmdn.org/tmview/#/tmsearch?page=1&criteria=lumenva,8,False,,strong
verorra,blend,vero;terra,0.86,global,balanced,93,24,81,0,30,objego,0,-2,False,-2,False,-2,False,,,unknown,unknown,,unknown,unknown,0,0,0,,disabled,unknown,unknown,unknown,unknown,unknown,unknown,0,4,0,,0,70,0,,0,,https://register.dpma.de/DPMAregister/marke/register/erweitert?queryString=verorra,https://www.swissreg.ch/srclient/faces/jsp/trademark/sr300.jsp?language=de&searchText=verorra,https://www.tmdn.org/tmview/#/tmsearch?page=1&criteria=verorra,8,False,,strong
fidemen,blend,fidel;lumen,0.84,global,balanced,93,24,81,0,30,saldeo,0,-2,False,-2,False,-2,False,,,unknown,unknown,,unknown,unknown,0,0,0,,disabled,unknown,unknown,unknown,unknown,unknown,unknown,0,4,0,,0,70,0,,0,,https://register.dpma.de/DPMAregister/marke/register/erweitert?queryString=fidemen,https://www.swissreg.ch/srclient/faces/jsp/trademark/sr300.jsp?language=de&searchText=fidemen,https://www.tmdn.org/tmview/#/tmsearch?page=1&criteria=fidemen,8,False,,strong
fiderum,blend,fidel;verum,0.82,global,balanced,93,24,81,0,30,saldeo,0,-2,False,-2,False,-2,False,,,unknown,unknown,,unknown,unknown,0,0,0,,disabled,unknown,unknown,unknown,unknown,unknown,unknown,0,4,0,,0,70,0,,0,,https://register.dpma.de/DPMAregister/marke/register/erweitert?queryString=fiderum,https://www.swissreg.ch/srclient/faces/jsp/trademark/sr300.jsp?language=de&searchText=fiderum,https://www.tmdn.org/tmview/#/tmsearch?page=1&criteria=fiderum,8,False,,strong
terrana,source_pool,terra;na,0.82,global,balanced,93,24,81,0,30,kostal,0,-2,False,-2,False,-2,False,,,unknown,unknown,,unknown,unknown,0,0,0,,disabled,unknown,unknown,unknown,unknown,unknown,unknown,0,4,0,,0,70,0,,0,,https://register.dpma.de/DPMAregister/marke/register/erweitert?queryString=terrana,https://www.swissreg.ch/srclient/faces/jsp/trademark/sr300.jsp?language=de&searchText=terrana,https://www.tmdn.org/tmview/#/tmsearch?page=1&criteria=terrana,8,False,,strong
verorio,source_pool,vero;rio,0.90,global,balanced,88,24,76,0,30,objego,0,-2,False,-2,False,-2,False,,,unknown,unknown,,unknown,unknown,0,0,0,,disabled,unknown,unknown,unknown,unknown,unknown,unknown,0,4,0,,0,70,0,,0,,https://register.dpma.de/DPMAregister/marke/register/erweitert?queryString=verorio,https://www.swissreg.ch/srclient/faces/jsp/trademark/sr300.jsp?language=de&searchText=verorio,https://www.tmdn.org/tmview/#/tmsearch?page=1&criteria=verorio,8,False,,strong
verovia,source_pool,vero;via,0.90,global,balanced,88,24,76,0,30,objego,0,-2,False,-2,False,-2,False,,,unknown,unknown,,unknown,unknown,0,0,0,,disabled,unknown,unknown,unknown,unknown,unknown,unknown,0,4,0,,0,70,0,,0,,https://register.dpma.de/DPMAregister/marke/register/erweitert?queryString=verovia,https://www.swissreg.ch/srclient/faces/jsp/trademark/sr300.jsp?language=de&searchText=verovia,https://www.tmdn.org/tmview/#/tmsearch?page=1&criteria=verovia,8,False,,strong
verotio,blend,vero;ratio,0.88,global,balanced,88,24,76,0,30,objego,0,-2,False,-2,False,-2,False,,,unknown,unknown,,unknown,unknown,0,0,0,,disabled,unknown,unknown,unknown,unknown,unknown,unknown,0,4,0,,0,70,0,,0,,https://register.dpma.de/DPMAregister/marke/register/erweitert?queryString=verotio,https://www.swissreg.ch/srclient/faces/jsp/trademark/sr300.jsp?language=de&searchText=verotio,https://www.tmdn.org/tmview/#/tmsearch?page=1&criteria=verotio,8,False,,strong
ledgerly,source_pool,ledger;ly,0.80,global,balanced,95,25,82,0,28,objego,0,-2,False,-2,False,-2,False,,,unknown,unknown,,unknown,unknown,0,0,0,,disabled,unknown,unknown,unknown,unknown,unknown,unknown,0,4,0,,8,67,0,,0,,https://register.dpma.de/DPMAregister/marke/register/erweitert?queryString=ledgerly,https://www.swissreg.ch/srclient/faces/jsp/trademark/sr300.jsp?language=de&searchText=ledgerly,https://www.tmdn.org/tmview/#/tmsearch?page=1&criteria=ledgerly,10,False,,strong
ledgerex,suggestive,ledger;ex,0.00,global,balanced,95,25,82,0,28,objego,0,-2,False,-2,False,-2,False,,,unknown,unknown,,unknown,unknown,0,0,0,,disabled,unknown,unknown,unknown,unknown,unknown,unknown,0,4,0,,8,67,0,,0,,https://register.dpma.de/DPMAregister/marke/register/erweitert?queryString=ledgerex,https://www.swissreg.ch/srclient/faces/jsp/trademark/sr300.jsp?language=de&searchText=ledgerex,https://www.tmdn.org/tmview/#/tmsearch?page=1&criteria=ledgerex,10,False,,strong
certoio,source_pool,certo;io,0.86,global,balanced,88,25,75,0,30,objego,0,-2,False,-2,False,-2,False,,,unknown,unknown,,unknown,unknown,0,0,0,,disabled,unknown,unknown,unknown,unknown,unknown,unknown,0,4,0,,6,74,0,,0,,https://register.dpma.de/DPMAregister/marke/register/erweitert?queryString=certoio,https://www.swissreg.ch/srclient/faces/jsp/trademark/sr300.jsp?language=de&searchText=certoio,https://www.tmdn.org/tmview/#/tmsearch?page=1&criteria=certoio,9,False,,strong
lumenly,source_pool,lumen;ly,0.86,global,balanced,93,26,80,0,30,saldeo,0,-2,False,-2,False,-2,False,,,unknown,unknown,,unknown,unknown,0,0,0,,disabled,unknown,unknown,unknown,unknown,unknown,unknown,0,4,0,,8,67,0,,0,,https://register.dpma.de/DPMAregister/marke/register/erweitert?queryString=lumenly,https://www.swissreg.ch/srclient/faces/jsp/trademark/sr300.jsp?language=de&searchText=lumenly,https://www.tmdn.org/tmview/#/tmsearch?page=1&criteria=lumenly,10,False,,strong
terraex,suggestive,terra;ex,0.00,global,balanced,93,26,80,0,30,kostal,0,-2,False,-2,False,-2,False,,,unknown,unknown,,unknown,unknown,0,0,0,,disabled,unknown,unknown,unknown,unknown,unknown,unknown,0,4,0,,8,67,0,,0,,https://register.dpma.de/DPMAregister/marke/register/erweitert?queryString=terraex,https://www.swissreg.ch/srclient/faces/jsp/trademark/sr300.jsp?language=de&searchText=terraex,https://www.tmdn.org/tmview/#/tmsearch?page=1&criteria=terraex,10,False,,strong
verola,source_pool,vero;la,0.90,global,balanced,88,26,75,0,33,objego,0,-2,False,-2,False,-2,False,,,unknown,unknown,,unknown,unknown,0,0,0,,disabled,unknown,unknown,unknown,unknown,unknown,unknown,0,4,0,,0,70,0,,0,,https://register.dpma.de/DPMAregister/marke/register/erweitert?queryString=verola,https://www.swissreg.ch/srclient/faces/jsp/trademark/sr300.jsp?language=de&searchText=verola,https://www.tmdn.org/tmview/#/tmsearch?page=1&criteria=verola,8,False,,strong
verona,source_pool,vero;na,0.90,global,balanced,88,26,75,0,33,objego,0,-2,False,-2,False,-2,False,,,unknown,unknown,,unknown,unknown,0,0,0,,disabled,unknown,unknown,unknown,unknown,unknown,unknown,0,4,0,,0,70,0,,0,,https://register.dpma.de/DPMAregister/marke/register/erweitert?queryString=verona,https://www.swissreg.ch/srclient/faces/jsp/trademark/sr300.jsp?language=de&searchText=verona,https://www.tmdn.org/tmview/#/tmsearch?page=1&criteria=verona,8,False,,strong
verono,source_pool,vero;no,0.90,global,balanced,88,26,75,0,33,objego,0,-2,False,-2,False,-2,False,,,unknown,unknown,,unknown,unknown,0,0,0,,disabled,unknown,unknown,unknown,unknown,unknown,unknown,0,4,0,,0,70,0,,0,,https://register.dpma.de/DPMAregister/marke/register/erweitert?queryString=verono,https://www.swissreg.ch/srclient/faces/jsp/trademark/sr300.jsp?language=de&searchText=verono,https://www.tmdn.org/tmview/#/tmsearch?page=1&criteria=verono,8,False,,strong
verora,source_pool,vero;ra,0.90,global,balanced,88,26,75,0,33,objego,0,-2,False,-2,False,-2,False,,,unknown,unknown,,unknown,unknown,0,0,0,,disabled,unknown,unknown,unknown,unknown,unknown,unknown,0,4,0,,0,70,0,,0,,https://register.dpma.de/DPMAregister/marke/register/erweitert?queryString=verora,https://www.swissreg.ch/srclient/faces/jsp/trademark/sr300.jsp?language=de&searchText=verora,https://www.tmdn.org/tmview/#/tmsearch?page=1&criteria=verora,8,False,,strong
verova,source_pool,vero;va,0.90,global,balanced,88,26,75,0,33,objego,0,-2,False,-2,False,-2,False,,,unknown,unknown,,unknown,unknown,0,0,0,,disabled,unknown,unknown,unknown,unknown,unknown,unknown,0,4,0,,0,70,0,,0,,https://register.dpma.de/DPMAregister/marke/register/erweitert?queryString=verova,https://www.swissreg.ch/srclient/faces/jsp/trademark/sr300.jsp?language=de&searchText=verova,https://www.tmdn.org/tmview/#/tmsearch?page=1&criteria=verova,8,False,,strong
fidequa,blend,fidel;equa,0.81,global,balanced,88,26,75,0,30,saldeo,0,-2,False,-2,False,-2,False,,,unknown,unknown,,unknown,unknown,0,0,0,,disabled,unknown,unknown,unknown,unknown,unknown,unknown,0,4,0,,8,67,0,,0,,https://register.dpma.de/DPMAregister/marke/register/erweitert?queryString=fidequa,https://www.swissreg.ch/srclient/faces/jsp/trademark/sr300.jsp?language=de&searchText=fidequa,https://www.tmdn.org/tmview/#/tmsearch?page=1&criteria=fidequa,10,False,,strong
domuso,suggestive,domus;o,0.00,global,balanced,88,26,75,0,33,objego,0,-2,False,-2,False,-2,False,,,unknown,unknown,,unknown,unknown,0,0,0,,disabled,unknown,unknown,unknown,unknown,unknown,unknown,0,4,0,,0,70,0,,0,,https://register.dpma.de/DPMAregister/marke/register/erweitert?queryString=domuso,https://www.swissreg.ch/srclient/faces/jsp/trademark/sr300.jsp?language=de&searchText=domuso,https://www.tmdn.org/tmview/#/tmsearch?page=1&criteria=domuso,8,False,,strong
nexava,coined,nexa;va,0.00,global,balanced,88,26,75,0,30,immonet,0,-2,False,-2,False,-2,False,,,unknown,unknown,,unknown,unknown,0,0,0,,disabled,unknown,unknown,unknown,unknown,unknown,unknown,0,4,0,,8,67,0,,0,,https://register.dpma.de/DPMAregister/marke/register/erweitert?queryString=nexava,https://www.swissreg.ch/srclient/faces/jsp/trademark/sr300.jsp?language=de&searchText=nexava,https://www.tmdn.org/tmview/#/tmsearch?page=1&criteria=nexava,10,False,,strong
nexaza,coined,nexa;za,0.00,global,balanced,88,26,75,0,30,immonet,0,-2,False,-2,False,-2,False,,,unknown,unknown,,unknown,unknown,0,0,0,,disabled,unknown,unknown,unknown,unknown,unknown,unknown,0,4,0,,8,67,0,,0,,https://register.dpma.de/DPMAregister/marke/register/erweitert?queryString=nexaza,https://www.swissreg.ch/srclient/faces/jsp/trademark/sr300.jsp?language=de&searchText=nexaza,https://www.tmdn.org/tmview/#/tmsearch?page=1&criteria=nexaza,10,False,,strong
novivo,coined,nov;ivo,0.00,global,balanced,88,26,75,0,33,objego,0,-2,False,-2,False,-2,False,,,unknown,unknown,,unknown,unknown,0,0,0,,disabled,unknown,unknown,unknown,unknown,unknown,unknown,0,4,0,,0,70,0,,0,,https://register.dpma.de/DPMAregister/marke/register/erweitert?queryString=novivo,https://www.swissreg.ch/srclient/faces/jsp/trademark/sr300.jsp?language=de&searchText=novivo,https://www.tmdn.org/tmview/#/tmsearch?page=1&criteria=novivo,8,False,,strong
novria,coined,nov;ria,0.00,global,balanced,88,26,75,0,33,kostal,0,-2,False,-2,False,-2,False,,,unknown,unknown,,unknown,unknown,0,0,0,,disabled,unknown,unknown,unknown,unknown,unknown,unknown,0,4,0,,0,70,0,,0,,https://register.dpma.de/DPMAregister/marke/register/erweitert?queryString=novria,https://www.swissreg.ch/srclient/faces/jsp/trademark/sr300.jsp?language=de&searchText=novria,https://www.tmdn.org/tmview/#/tmsearch?page=1&criteria=novria,8,False,,strong
fairshavia,expression,fairsha;via,0.55,global,balanced,88,27,74,0,35,scalara,0,-2,False,-2,False,-2,False,,,unknown,unknown,,unknown,unknown,0,0,0,,disabled,unknown,unknown,unknown,unknown,unknown,unknown,0,4,0,,0,70,0,,0,,https://register.dpma.de/DPMAregister/marke/register/erweitert?queryString=fairshavia,https://www.swissreg.ch/srclient/faces/jsp/trademark/sr300.jsp?language=de&searchText=fairshavia,https://www.tmdn.org/tmview/#/tmsearch?page=1&criteria=fairshavia,8,False,,strong
fairshava,expression,fairsha;va,0.55,global,balanced,94,28,80,0,37,scalara,0,-2,False,-2,False,-2,False,,,unknown,unknown,,unknown,unknown,0,0,0,,disabled,unknown,unknown,unknown,unknown,unknown,unknown,0,4,0,,0,70,0,,0,,https://register.dpma.de/DPMAregister/marke/register/erweitert?queryString=fairshava,https://www.swissreg.ch/srclient/faces/jsp/trademark/sr300.jsp?language=de&searchText=fairshava,https://www.tmdn.org/tmview/#/tmsearch?page=1&criteria=fairshava,8,False,,strong
trueledla,expression,trueled;la,0.55,global,balanced,94,28,80,0,37,utilaro,0,-2,False,-2,False,-2,False,,,unknown,unknown,,unknown,unknown,0,0,0,,disabled,unknown,unknown,unknown,unknown,unknown,unknown,0,4,0,,0,70,0,,0,,https://register.dpma.de/DPMAregister/marke/register/erweitert?queryString=trueledla,https://www.swissreg.ch/srclient/faces/jsp/trademark/sr300.jsp?language=de&searchText=trueledla,https://www.tmdn.org/tmview/#/tmsearch?page=1&criteria=trueledla,8,False,,strong
verolid,blend,vero;solid,0.86,global,balanced,93,28,79,0,37,immocloud,0,-2,False,-2,False,-2,False,,,unknown,unknown,,unknown,unknown,0,0,0,,disabled,unknown,unknown,unknown,unknown,unknown,unknown,0,4,0,,0,70,0,,0,,https://register.dpma.de/DPMAregister/marke/register/erweitert?queryString=verolid,https://www.swissreg.ch/srclient/faces/jsp/trademark/sr300.jsp?language=de&searchText=verolid,https://www.tmdn.org/tmview/#/tmsearch?page=1&criteria=verolid,8,False,,strong
veroly,source_pool,vero;ly,0.90,global,balanced,88,28,74,0,33,objego,0,-2,False,-2,False,-2,False,,,unknown,unknown,,unknown,unknown,0,0,0,,disabled,unknown,unknown,unknown,unknown,unknown,unknown,0,4,0,,8,67,0,,0,,https://register.dpma.de/DPMAregister/marke/register/erweitert?queryString=veroly,https://www.swissreg.ch/srclient/faces/jsp/trademark/sr300.jsp?language=de&searchText=veroly,https://www.tmdn.org/tmview/#/tmsearch?page=1&criteria=veroly,10,False,,strong
trueledvia,expression,trueled;via,0.55,global,balanced,88,28,74,0,37,saldio,0,-2,False,-2,False,-2,False,,,unknown,unknown,,unknown,unknown,0,0,0,,disabled,unknown,unknown,unknown,unknown,unknown,unknown,0,4,0,,0,70,0,,0,,https://register.dpma.de/DPMAregister/marke/register/erweitert?queryString=trueledvia,https://www.swissreg.ch/srclient/faces/jsp/trademark/sr300.jsp?language=de&searchText=trueledvia,https://www.tmdn.org/tmview/#/tmsearch?page=1&criteria=trueledvia,8,False,,strong
fidelvia,source_pool,fidel;via,0.82,global,balanced,98,30,82,0,40,utilaro,0,-2,False,-2,False,-2,False,,,unknown,unknown,,unknown,unknown,0,0,0,,disabled,unknown,unknown,unknown,unknown,unknown,unknown,0,4,0,,0,70,0,,0,,https://register.dpma.de/DPMAregister/marke/register/erweitert?queryString=fidelvia,https://www.swissreg.ch/srclient/faces/jsp/trademark/sr300.jsp?language=de&searchText=fidelvia,https://www.tmdn.org/tmview/#/tmsearch?page=1&criteria=fidelvia,8,False,,strong
solidvia,source_pool,solid;via,0.82,global,balanced,98,30,82,0,40,scalara,0,-2,False,-2,False,-2,False,,,unknown,unknown,,unknown,unknown,0,0,0,,disabled,unknown,unknown,unknown,unknown,unknown,unknown,0,4,0,,0,70,0,,0,,https://register.dpma.de/DPMAregister/marke/register/erweitert?queryString=solidvia,https://www.swissreg.ch/srclient/faces/jsp/trademark/sr300.jsp?language=de&searchText=solidvia,https://www.tmdn.org/tmview/#/tmsearch?page=1&criteria=solidvia,8,False,,strong
ledgerna,source_pool,ledger;na,0.80,global,balanced,95,30,79,0,40,scalara,0,-2,False,-2,False,-2,False,,,unknown,unknown,,unknown,unknown,0,0,0,,disabled,unknown,unknown,unknown,unknown,unknown,unknown,0,4,0,,0,70,0,,0,,https://register.dpma.de/DPMAregister/marke/register/erweitert?queryString=ledgerna,https://www.swissreg.ch/srclient/faces/jsp/trademark/sr300.jsp?language=de&searchText=ledgerna,https://www.tmdn.org/tmview/#/tmsearch?page=1&criteria=ledgerna,8,False,,strong
ledgerra,source_pool,ledger;ra,0.80,global,balanced,95,30,79,0,40,scalara,0,-2,False,-2,False,-2,False,,,unknown,unknown,,unknown,unknown,0,0,0,,disabled,unknown,unknown,unknown,unknown,unknown,unknown,0,4,0,,0,70,0,,0,,https://register.dpma.de/DPMAregister/marke/register/erweitert?queryString=ledgerra,https://www.swissreg.ch/srclient/faces/jsp/trademark/sr300.jsp?language=de&searchText=ledgerra,https://www.tmdn.org/tmview/#/tmsearch?page=1&criteria=ledgerra,8,False,,strong
ledgerta,source_pool,ledger;ta,0.80,global,balanced,95,30,79,0,40,scalara,0,-2,False,-2,False,-2,False,,,unknown,unknown,,unknown,unknown,0,0,0,,disabled,unknown,unknown,unknown,unknown,unknown,unknown,0,4,0,,0,70,0,,0,,https://register.dpma.de/DPMAregister/marke/register/erweitert?queryString=ledgerta,https://www.swissreg.ch/srclient/faces/jsp/trademark/sr300.jsp?language=de&searchText=ledgerta,https://www.tmdn.org/tmview/#/tmsearch?page=1&criteria=ledgerta,8,False,,strong
ledgerva,source_pool,ledger;va,0.80,global,balanced,95,30,79,0,40,scalara,0,-2,False,-2,False,-2,False,,,unknown,unknown,,unknown,unknown,0,0,0,,disabled,unknown,unknown,unknown,unknown,unknown,unknown,0,4,0,,0,70,0,,0,,https://register.dpma.de/DPMAregister/marke/register/erweitert?queryString=ledgerva,https://www.swissreg.ch/srclient/faces/jsp/trademark/sr300.jsp?language=de&searchText=ledgerva,https://www.tmdn.org/tmview/#/tmsearch?page=1&criteria=ledgerva,8,False,,strong
ledgervia,source_pool,ledger;via,0.80,global,balanced,94,30,78,0,40,saldio,0,-2,False,-2,False,-2,False,,,unknown,unknown,,unknown,unknown,0,0,0,,disabled,unknown,unknown,unknown,unknown,unknown,unknown,0,4,0,,0,70,0,,0,,https://register.dpma.de/DPMAregister/marke/register/erweitert?queryString=ledgervia,https://www.swissreg.ch/srclient/faces/jsp/trademark/sr300.jsp?language=de&searchText=ledgervia,https://www.tmdn.org/tmview/#/tmsearch?page=1&criteria=ledgervia,8,False,,strong
verodel,blend,vero;fidel,0.86,global,balanced,93,30,77,0,40,immowelt,0,-2,False,-2,False,-2,False,,,unknown,unknown,,unknown,unknown,0,0,0,,disabled,unknown,unknown,unknown,unknown,unknown,unknown,0,4,0,,0,70,0,,0,,https://register.dpma.de/DPMAregister/marke/register/erweitert?queryString=verodel,https://www.swissreg.ch/srclient/faces/jsp/trademark/sr300.jsp?language=de&searchText=verodel,https://www.tmdn.org/tmview/#/tmsearch?page=1&criteria=verodel,8,False,,strong
lumelid,blend,lumen;solid,0.84,global,balanced,93,30,77,0,40,immowelt,0,-2,False,-2,False,-2,False,,,unknown,unknown,,unknown,unknown,0,0,0,,disabled,unknown,unknown,unknown,unknown,unknown,unknown,0,4,0,,0,70,0,,0,,https://register.dpma.de/DPMAregister/marke/register/erweitert?queryString=lumelid,https://www.swissreg.ch/srclient/faces/jsp/trademark/sr300.jsp?language=de&searchText=lumelid,https://www.tmdn.org/tmview/#/tmsearch?page=1&criteria=lumelid,8,False,,strong
fidebil,blend,fidel;stabil,0.83,global,balanced,93,30,77,0,40,immowelt,0,-2,False,-2,False,-2,False,,,unknown,unknown,,unknown,unknown,0,0,0,,disabled,unknown,unknown,unknown,unknown,unknown,unknown,0,4,0,,0,70,0,,0,,https://register.dpma.de/DPMAregister/marke/register/erweitert?queryString=fidebil,https://www.swissreg.ch/srclient/faces/jsp/trademark/sr300.jsp?language=de&searchText=fidebil,https://www.tmdn.org/tmview/#/tmsearch?page=1&criteria=fidebil,8,False,,strong
fidelid,blend,fidel;solid,0.82,global,balanced,93,30,77,0,40,immowelt,0,-2,False,-2,False,-2,False,,,unknown,unknown,,unknown,unknown,0,0,0,,disabled,unknown,unknown,unknown,unknown,unknown,unknown,0,4,0,,0,70,0,,0,,https://register.dpma.de/DPMAregister/marke/register/erweitert?queryString=fidelid,https://www.swissreg.ch/srclient/faces/jsp/trademark/sr300.jsp?language=de&searchText=fidelid,https://www.tmdn.org/tmview/#/tmsearch?page=1&criteria=fidelid,8,False,,strong
certovia,source_pool,certo;via,0.86,global,balanced,98,31,82,0,42,costal,0,-2,False,-2,False,-2,False,,,unknown,unknown,,unknown,unknown,0,0,0,,disabled,unknown,unknown,unknown,unknown,unknown,unknown,0,4,0,,0,76,0,,0,,https://register.dpma.de/DPMAregister/marke/register/erweitert?queryString=certovia,https://www.swissreg.ch/srclient/faces/jsp/trademark/sr300.jsp?language=de&searchText=certovia,https://www.tmdn.org/tmview/#/tmsearch?page=1&criteria=certovia,8,False,,strong
lumenrio,source_pool,lumen;rio,0.86,global,balanced,98,31,82,0,42,saldeo,0,-2,False,-2,False,-2,False,,,unknown,unknown,,unknown,unknown,0,0,0,,disabled,unknown,unknown,unknown,unknown,unknown,unknown,0,4,0,,0,70,0,,0,,https://register.dpma.de/DPMAregister/marke/register/erweitert?queryString=lumenrio,https://www.swissreg.ch/srclient/faces/jsp/trademark/sr300.jsp?language=de&searchText=lumenrio,https://www.tmdn.org/tmview/#/tmsearch?page=1&criteria=lumenrio,8,False,,strong
vantaneo,coined,vanta;neo,0.00,global,balanced,98,31,82,0,42,saldeo,0,-2,False,-2,False,-2,False,,,unknown,unknown,,unknown,unknown,0,0,0,,disabled,unknown,unknown,unknown,unknown,unknown,unknown,0,4,0,,0,70,0,,0,,https://register.dpma.de/DPMAregister/marke/register/erweitert?queryString=vantaneo,https://www.swissreg.ch/srclient/faces/jsp/trademark/sr300.jsp?language=de&searchText=vantaneo,https://www.tmdn.org/tmview/#/tmsearch?page=1&criteria=vantaneo,8,False,,strong
ledgerlo,source_pool,ledger;lo,0.80,global,balanced,95,31,79,0,42,objego,0,-2,False,-2,False,-2,False,,,unknown,unknown,,unknown,unknown,0,0,0,,disabled,unknown,unknown,unknown,unknown,unknown,unknown,0,4,0,,0,70,0,,0,,https://register.dpma.de/DPMAregister/marke/register/erweitert?queryString=ledgerlo,https://www.swissreg.ch/srclient/faces/jsp/trademark/sr300.jsp?language=de&searchText=ledgerlo,https://www.tmdn.org/tmview/#/tmsearch?page=1&criteria=ledgerlo,8,False,,strong
ledgerno,source_pool,ledger;no,0.80,global,balanced,95,31,79,0,42,objego,0,-2,False,-2,False,-2,False,,,unknown,unknown,,unknown,unknown,0,0,0,,disabled,unknown,unknown,unknown,unknown,unknown,unknown,0,4,0,,0,70,0,,0,,https://register.dpma.de/DPMAregister/marke/register/erweitert?queryString=ledgerno,https://www.swissreg.ch/srclient/faces/jsp/trademark/sr300.jsp?language=de&searchText=ledgerno,https://www.tmdn.org/tmview/#/tmsearch?page=1&criteria=ledgerno,8,False,,strong
ledgeron,source_pool,ledger;on,0.80,global,balanced,95,31,79,0,42,objego,0,-2,False,-2,False,-2,False,,,unknown,unknown,,unknown,unknown,0,0,0,,disabled,unknown,unknown,unknown,unknown,unknown,unknown,0,4,0,,0,70,0,,0,,https://register.dpma.de/DPMAregister/marke/register/erweitert?queryString=ledgeron,https://www.swissreg.ch/srclient/faces/jsp/trademark/sr300.jsp?language=de&searchText=ledgeron,https://www.tmdn.org/tmview/#/tmsearch?page=1&criteria=ledgeron,8,False,,strong
ledgerro,source_pool,ledger;ro,0.80,global,balanced,95,31,79,0,42,objego,0,-2,False,-2,False,-2,False,,,unknown,unknown,,unknown,unknown,0,0,0,,disabled,unknown,unknown,unknown,unknown,unknown,unknown,0,4,0,,0,70,0,,0,,https://register.dpma.de/DPMAregister/marke/register/erweitert?queryString=ledgerro,https://www.swissreg.ch/srclient/faces/jsp/trademark/sr300.jsp?language=de&searchText=ledgerro,https://www.tmdn.org/tmview/#/tmsearch?page=1&criteria=ledgerro,8,False,,strong
ledgerto,source_pool,ledger;to,0.80,global,balanced,95,31,79,0,42,objego,0,-2,False,-2,False,-2,False,,,unknown,unknown,,unknown,unknown,0,0,0,,disabled,unknown,unknown,unknown,unknown,unknown,unknown,0,4,0,,0,70,0,,0,,https://register.dpma.de/DPMAregister/marke/register/erweitert?queryString=ledgerto,https://www.swissreg.ch/srclient/faces/jsp/trademark/sr300.jsp?language=de&searchText=ledgerto,https://www.tmdn.org/tmview/#/tmsearch?page=1&criteria=ledgerto,8,False,,strong
fairshare,expression,fairshare,0.55,global,balanced,94,31,78,0,42,immoware24,0,-2,False,-2,False,-2,False,,,unknown,unknown,,unknown,unknown,0,0,0,,disabled,unknown,unknown,unknown,unknown,unknown,unknown,0,4,0,,0,70,0,,0,,https://register.dpma.de/DPMAregister/marke/register/erweitert?queryString=fairshare,https://www.swissreg.ch/srclient/faces/jsp/trademark/sr300.jsp?language=de&searchText=fairshare,https://www.tmdn.org/tmview/#/tmsearch?page=1&criteria=fairshare,8,False,,strong
certero,blend,certo;vero,0.88,global,balanced,93,31,77,0,42,utilaro,0,-2,False,-2,False,-2,False,,,unknown,unknown,,unknown,unknown,0,0,0,,disabled,unknown,unknown,unknown,unknown,unknown,unknown,0,4,0,,0,76,0,,0,,https://register.dpma.de/DPMAregister/marke/register/erweitert?queryString=certero,https://www.swissreg.ch/srclient/faces/jsp/trademark/sr300.jsp?language=de&searchText=certero,https://www.tmdn.org/tmview/#/tmsearch?page=1&criteria=certero,8,False,,strong
certoro,source_pool,certo;ro,0.86,global,balanced,93,31,77,0,42,utilaro,0,-2,False,-2,False,-2,False,,,unknown,unknown,,unknown,unknown,0,0,0,,disabled,unknown,unknown,unknown,unknown,unknown,unknown,0,4,0,,0,76,0,,0,,https://register.dpma.de/DPMAregister/marke/register/erweitert?queryString=certoro,https://www.swissreg.ch/srclient/faces/jsp/trademark/sr300.jsp?language=de&searchText=certoro,https://www.tmdn.org/tmview/#/tmsearch?page=1&criteria=certoro,8,False,,strong
certtio,blend,certo;ratio,0.86,global,balanced,93,31,77,0,42,utilaro,0,-2,False,-2,False,-2,False,,,unknown,unknown,,unknown,unknown,0,0,0,,disabled,unknown,unknown,unknown,unknown,unknown,unknown,0,4,0,,0,76,0,,0,,https://register.dpma.de/DPMAregister/marke/register/erweitert?queryString=certtio,https://www.swissreg.ch/srclient/faces/jsp/trademark/sr300.jsp?language=de&searchText=certtio,https://www.tmdn.org/tmview/#/tmsearch?page=1&criteria=certtio,8,False,,strong
lumenla,source_pool,lumen;la,0.86,global,balanced,93,31,77,0,42,utilaro,0,-2,False,-2,False,-2,False,,,unknown,unknown,,unknown,unknown,0,0,0,,disabled,unknown,unknown,unknown,unknown,unknown,unknown,0,4,0,,0,70,0,,0,,https://register.dpma.de/DPMAregister/marke/register/erweitert?queryString=lumenla,https://www.swissreg.ch/srclient/faces/jsp/trademark/sr300.jsp?language=de&searchText=lumenla,https://www.tmdn.org/tmview/#/tmsearch?page=1&criteria=lumenla,8,False,,strong
lumenra,source_pool,lumen;ra,0.86,global,balanced,93,31,77,0,42,scalara,0,-2,False,-2,False,-2,False,,,unknown,unknown,,unknown,unknown,0,0,0,,disabled,unknown,unknown,unknown,unknown,unknown,unknown,0,4,0,,0,70,0,,0,,https://register.dpma.de/DPMAregister/marke/register/erweitert?queryString=lumenra,https://www.swissreg.ch/srclient/faces/jsp/trademark/sr300.jsp?language=de&searchText=lumenra,https://www.tmdn.org/tmview/#/tmsearch?page=1&criteria=lumenra,8,False,,strong
lumenta,source_pool,lumen;ta,0.86,global,balanced,93,31,77,0,42,immonet,0,-2,False,-2,False,-2,False,,,unknown,unknown,,unknown,unknown,0,0,0,,disabled,unknown,unknown,unknown,unknown,unknown,unknown,0,4,0,,0,70,0,,0,,https://register.dpma.de/DPMAregister/marke/register/erweitert?queryString=lumenta,https://www.swissreg.ch/srclient/faces/jsp/trademark/sr300.jsp?language=de&searchText=lumenta,https://www.tmdn.org/tmview/#/tmsearch?page=1&criteria=lumenta,8,False,,strong
ratimen,blend,ratio;lumen,0.86,global,balanced,93,31,77,0,42,immonet,0,-2,False,-2,False,-2,False,,,unknown,unknown,,unknown,unknown,0,0,0,,disabled,unknown,unknown,unknown,unknown,unknown,unknown,0,4,0,,0,70,0,,0,,https://register.dpma.de/DPMAregister/marke/register/erweitert?queryString=ratimen,https://www.swissreg.ch/srclient/faces/jsp/trademark/sr300.jsp?language=de&searchText=ratimen,https://www.tmdn.org/tmview/#/tmsearch?page=1&criteria=ratimen,8,False,,strong
lumebil,blend,lumen;stabil,0.85,global,balanced,93,31,77,0,42,utilaro,0,-2,False,-2,False,-2,False,,,unknown,unknown,,unknown,unknown,0,0,0,,disabled,unknown,unknown,unknown,unknown,unknown,unknown,0,4,0,,0,70,0,,0,,https://register.dpma.de/DPMAregister/marke/register/erweitert?queryString=lumebil,https://www.swissreg.ch/srclient/faces/jsp/trademark/sr300.jsp?language=de&searchText=lumebil,https://www.tmdn.org/tmview/#/tmsearch?page=1&criteria=lumebil,8,False,,strong
ratibil,blend,ratio;stabil,0.85,global,balanced,93,31,77,0,42,utilaro,0,-2,False,-2,False,-2,False,,,unknown,unknown,,unknown,unknown,0,0,0,,disabled,unknown,unknown,unknown,unknown,unknown,unknown,0,4,0,,0,70,0,,0,,https://register.dpma.de/DPMAregister/marke/register/erweitert?queryString=ratibil,https://www.swissreg.ch/srclient/faces/jsp/trademark/sr300.jsp?language=de&searchText=ratibil,https://www.tmdn.org/tmview/#/tmsearch?page=1&criteria=ratibil,8,False,,strong
lumerra,blend,lumen;terra,0.84,global,balanced,93,31,77,0,42,scalara,0,-2,False,-2,False,-2,False,,,unknown,unknown,,unknown,unknown,0,0,0,,disabled,unknown,unknown,unknown,unknown,unknown,unknown,0,4,0,,0,70,0,,0,,https://register.dpma.de/DPMAregister/marke/register/erweitert?queryString=lumerra,https://www.swissreg.ch/srclient/faces/jsp/trademark/sr300.jsp?language=de&searchText=lumerra,https://www.tmdn.org/tmview/#/tmsearch?page=1&criteria=lumerra,8,False,,strong
ratirra,blend,ratio;terra,0.84,global,balanced,93,31,77,0,42,utilaro,0,-2,False,-2,False,-2,False,,,unknown,unknown,,unknown,unknown,0,0,0,,disabled,unknown,unknown,unknown,unknown,unknown,unknown,0,4,0,,0,70,0,,0,,https://register.dpma.de/DPMAregister/marke/register/erweitert?queryString=ratirra,https://www.swissreg.ch/srclient/faces/jsp/trademark/sr300.jsp?language=de&searchText=ratirra,https://www.tmdn.org/tmview/#/tmsearch?page=1&criteria=ratirra,8,False,,strong
ratirta,blend,ratio;certa,0.84,global,balanced,93,31,77,0,42,utilaro,0,-2,False,-2,False,-2,False,,,unknown,unknown,,unknown,unknown,0,0,0,,disabled,unknown,unknown,unknown,unknown,unknown,unknown,0,4,0,,0,70,0,,0,,https://register.dpma.de/DPMAregister/marke/register/erweitert?queryString=ratirta,https://www.swissreg.ch/srclient/faces/jsp/trademark/sr300.jsp?language=de&searchText=ratirta,https://www.tmdn.org/tmview/#/tmsearch?page=1&criteria=ratirta,8,False,,strong
ratirum,blend,ratio;verum,0.84,global,balanced,93,31,77,0,42,utilaro,0,-2,False,-2,False,-2,False,,,unknown,unknown,,unknown,unknown,0,0,0,,disabled,unknown,unknown,unknown,unknown,unknown,unknown,0,4,0,,0,70,0,,0,,https://register.dpma.de/DPMAregister/marke/register/erweitert?queryString=ratirum,https://www.swissreg.ch/srclient/faces/jsp/trademark/sr300.jsp?language=de&searchText=ratirum,https://www.tmdn.org/tmview/#/tmsearch?page=1&criteria=ratirum,8,False,,strong
terrano,source_pool,terra;no,0.82,global,balanced,93,31,77,0,42,utilaro,0,-2,False,-2,False,-2,False,,,unknown,unknown,,unknown,unknown,0,0,0,,disabled,unknown,unknown,unknown,unknown,unknown,unknown,0,4,0,,0,70,0,,0,,https://register.dpma.de/DPMAregister/marke/register/erweitert?queryString=terrano,https://www.swissreg.ch/srclient/faces/jsp/trademark/sr300.jsp?language=de&searchText=terrano,https://www.tmdn.org/tmview/#/tmsearch?page=1&criteria=terrano,8,False,,strong
terraon,source_pool,terra;on,0.82,global,balanced,93,31,77,0,42,utilaro,0,-2,False,-2,False,-2,False,,,unknown,unknown,,unknown,unknown,0,0,0,,disabled,unknown,unknown,unknown,unknown,unknown,unknown,0,4,0,,0,70,0,,0,,https://register.dpma.de/DPMAregister/marke/register/erweitert?queryString=terraon,https://www.swissreg.ch/srclient/faces/jsp/trademark/sr300.jsp?language=de&searchText=terraon,https://www.tmdn.org/tmview/#/tmsearch?page=1&criteria=terraon,8,False,,strong
rentoex,suggestive,rento;ex,0.00,global,balanced,93,31,77,18,30,objego,0,-2,False,-2,False,-2,False,,,unknown,unknown,,unknown,unknown,0,0,0,,disabled,unknown,unknown,unknown,unknown,unknown,unknown,0,4,0,,8,67,0,,0,,https://register.dpma.de/DPMAregister/marke/register/erweitert?queryString=rentoex,https://www.swissreg.ch/srclient/faces/jsp/trademark/sr300.jsp?language=de&searchText=rentoex,https://www.tmdn.org/tmview/#/tmsearch?page=1&criteria=rentoex,10,False,,strong
vantaivo,coined,vanta;ivo,0.00,global,balanced,92,31,76,0,42,saldio,0,-2,False,-2,False,-2,False,,,unknown,unknown,,unknown,unknown,0,0,0,,disabled,unknown,unknown,unknown,unknown,unknown,unknown,0,4,0,,0,70,0,,0,,https://register.dpma.de/DPMAregister/marke/register/erweitert?queryString=vantaivo,https://www.swissreg.ch/srclient/faces/jsp/trademark/sr300.jsp?language=de&searchText=vantaivo,https://www.tmdn.org/tmview/#/tmsearch?page=1&criteria=vantaivo,8,False,,strong
nexusvia,source_pool,nexus;via,0.82,global,balanced,98,32,81,0,40,hausify,0,-2,False,-2,False,-2,False,,,unknown,unknown,,unknown,unknown,0,0,0,,disabled,unknown,unknown,unknown,unknown,unknown,unknown,0,4,0,,8,67,0,,0,,https://register.dpma.de/DPMAregister/marke/register/erweitert?queryString=nexusvia,https://www.swissreg.ch/srclient/faces/jsp/trademark/sr300.jsp?language=de&searchText=nexusvia,https://www.tmdn.org/tmview/#/tmsearch?page=1&criteria=nexusvia,10,False,,strong
fideead,blend,fidel;stead,0.80,global,balanced,88,32,72,0,30,saldeo,0,-2,False,-2,False,-2,False,,,unknown,unknown,,unknown,unknown,0,0,0,,disabled,unknown,unknown,unknown,unknown,unknown,unknown,0,4,0,,6,68,12,double_vowel_repeat,0,,https://register.dpma.de/DPMAregister/marke/register/erweitert?queryString=fideead,https://www.swissreg.ch/srclient/faces/jsp/trademark/sr300.jsp?language=de&searchText=fideead,https://www.tmdn.org/tmview/#/tmsearch?page=1&criteria=fideead,12,False,,strong
certola,source_pool,certo;la,0.86,global,balanced,93,33,76,0,46,costal,0,-2,False,-2,False,-2,False,,,unknown,unknown,,unknown,unknown,0,0,0,,disabled,unknown,unknown,unknown,unknown,unknown,unknown,0,4,0,,0,76,0,,0,,https://register.dpma.de/DPMAregister/marke/register/erweitert?queryString=certola,https://www.swissreg.ch/srclient/faces/jsp/trademark/sr300.jsp?language=de&searchText=certola,https://www.tmdn.org/tmview/#/tmsearch?page=1&criteria=certola,8,False,,consider
certolo,source_pool,certo;lo,0.86,global,balanced,93,33,76,0,46,costal,0,-2,False,-2,False,-2,False,,,unknown,unknown,,unknown,unknown,0,0,0,,disabled,unknown,unknown,unknown,unknown,unknown,unknown,0,4,0,,0,76,0,,0,,https://register.dpma.de/DPMAregister/marke/register/erweitert?queryString=certolo,https://www.swissreg.ch/srclient/faces/jsp/trademark/sr300.jsp?language=de&searchText=certolo,https://www.tmdn.org/tmview/#/tmsearch?page=1&criteria=certolo,8,False,,consider
certona,source_pool,certo;na,0.86,global,balanced,93,33,76,0,46,costal,0,-2,False,-2,False,-2,False,,,unknown,unknown,,unknown,unknown,0,0,0,,disabled,unknown,unknown,unknown,unknown,unknown,unknown,0,4,0,,0,76,0,,0,,https://register.dpma.de/DPMAregister/marke/register/erweitert?queryString=certona,https://www.swissreg.ch/srclient/faces/jsp/trademark/sr300.jsp?language=de&searchText=certona,https://www.tmdn.org/tmview/#/tmsearch?page=1&criteria=certona,8,False,,consider
certora,source_pool,certo;ra,0.86,global,balanced,93,33,76,0,46,costal,0,-2,False,-2,False,-2,False,,,unknown,unknown,,unknown,unknown,0,0,0,,disabled,unknown,unknown,unknown,unknown,unknown,unknown,0,4,0,,0,76,0,,0,,https://register.dpma.de/DPMAregister/marke/register/erweitert?queryString=certora,https://www.swissreg.ch/srclient/faces/jsp/trademark/sr300.jsp?language=de&searchText=certora,https://www.tmdn.org/tmview/#/tmsearch?page=1&criteria=certora,8,False,,consider
certova,source_pool,certo;va,0.86,global,balanced,93,33,76,0,46,costal,0,-2,False,-2,False,-2,False,,,unknown,unknown,,unknown,unknown,0,0,0,,disabled,unknown,unknown,unknown,unknown,unknown,unknown,0,4,0,,0,76,0,,0,,https://register.dpma.de/DPMAregister/marke/register/erweitert?queryString=certova,https://www.swissreg.ch/srclient/faces/jsp/trademark/sr300.jsp?language=de&searchText=certova,https://www.tmdn.org/tmview/#/tmsearch?page=1&criteria=certova,8,False,,consider
lumenlo,source_pool,lumen;lo,0.86,global,balanced,93,33,76,0,46,saldeo,0,-2,False,-2,False,-2,False,,,unknown,unknown,,unknown,unknown,0,0,0,,disabled,unknown,unknown,unknown,unknown,unknown,unknown,0,4,0,,0,70,0,,0,,https://register.dpma.de/DPMAregister/marke/register/erweitert?queryString=lumenlo,https://www.swissreg.ch/srclient/faces/jsp/trademark/sr300.jsp?language=de&searchText=lumenlo,https://www.tmdn.org/tmview/#/tmsearch?page=1&criteria=lumenlo,8,False,,consider
lumenno,source_pool,lumen;no,0.86,global,balanced,93,33,76,0,46,saldeo,0,-2,False,-2,False,-2,False,,,unknown,unknown,,unknown,unknown,0,0,0,,disabled,unknown,unknown,unknown,unknown,unknown,unknown,0,4,0,,0,70,0,,0,,https://register.dpma.de/DPMAregister/marke/register/erweitert?queryString=lumenno,https://www.swissreg.ch/srclient/faces/jsp/trademark/sr300.jsp?language=de&searchText=lumenno,https://www.tmdn.org/tmview/#/tmsearch?page=1&criteria=lumenno,8,False,,consider
lumenon,source_pool,lumen;on,0.86,global,balanced,93,33,76,0,46,saldeo,0,-2,False,-2,False,-2,False,,,unknown,unknown,,unknown,unknown,0,0,0,,disabled,unknown,unknown,unknown,unknown,unknown,unknown,0,4,0,,0,70,0,,0,,https://register.dpma.de/DPMAregister/marke/register/erweitert?queryString=lumenon,https://www.swissreg.ch/srclient/faces/jsp/trademark/sr300.jsp?language=de&searchText=lumenon,https://www.tmdn.org/tmview/#/tmsearch?page=1&criteria=lumenon,8,False,,consider
lumenro,source_pool,lumen;ro,0.86,global,balanced,93,33,76,0,46,saldeo,0,-2,False,-2,False,-2,False,,,unknown,unknown,,unknown,unknown,0,0,0,,disabled,unknown,unknown,unknown,unknown,unknown,unknown,0,4,0,,0,70,0,,0,,https://register.dpma.de/DPMAregister/marke/register/erweitert?queryString=lumenro,https://www.swissreg.ch/srclient/faces/jsp/trademark/sr300.jsp?language=de&searchText=lumenro,https://www.tmdn.org/tmview/#/tmsearch?page=1&criteria=lumenro,8,False,,consider
lumento,source_pool,lumen;to,0.86,global,balanced,93,33,76,0,46,saldeo,0,-2,False,-2,False,-2,False,,,unknown,unknown,,unknown,unknown,0,0,0,,disabled,unknown,unknown,unknown,unknown,unknown,unknown,0,4,0,,0,70,0,,0,,https://register.dpma.de/DPMAregister/marke/register/erweitert?queryString=lumento,https://www.swissreg.ch/srclient/faces/jsp/trademark/sr300.jsp?language=de&searchText=lumento,https://www.tmdn.org/tmview/#/tmsearch?page=1&criteria=lumento,8,False,,consider
lumerto,blend,lumen;certo,0.86,global,balanced,93,33,76,0,46,saldeo,0,-2,False,-2,False,-2,False,,,unknown,unknown,,unknown,unknown,0,0,0,,disabled,unknown,unknown,unknown,unknown,unknown,unknown,0,4,0,,0,70,0,,0,,https://register.dpma.de/DPMAregister/marke/register/erweitert?queryString=lumerto,https://www.swissreg.ch/srclient/faces/jsp/trademark/sr300.jsp?language=de&searchText=lumerto,https://www.tmdn.org/tmview/#/tmsearch?page=1&criteria=lumerto,8,False,,consider
certlio,blend,certo;folio,0.84,global,balanced,93,33,76,0,46,costal,0,-2,False,-2,False,-2,False,,,unknown,unknown,,unknown,unknown,0,0,0,,disabled,unknown,unknown,unknown,unknown,unknown,unknown,0,4,0,,0,76,0,,0,,https://register.dpma.de/DPMAregister/marke/register/erweitert?queryString=certlio,https://www.swissreg.ch/srclient/faces/jsp/trademark/sr300.jsp?language=de&searchText=certlio,https://www.tmdn.org/tmview/#/tmsearch?page=1&criteria=certlio,8,False,,consider
fiderto,blend,fidel;certo,0.84,global,balanced,93,33,76,0,46,saldeo,0,-2,False,-2,False,-2,False,,,unknown,unknown,,unknown,unknown,0,0,0,,disabled,unknown,unknown,unknown,unknown,unknown,unknown,0,4,0,,0,70,0,,0,,https://register.dpma.de/DPMAregister/marke/register/erweitert?queryString=fiderto,https://www.swissreg.ch/srclient/faces/jsp/trademark/sr300.jsp?language=de&searchText=fiderto,https://www.tmdn.org/tmview/#/tmsearch?page=1&criteria=fiderto,8,False,,consider
lumedel,blend,lumen;fidel,0.84,global,balanced,93,33,76,0,46,saldeo,0,-2,False,-2,False,-2,False,,,unknown,unknown,,unknown,unknown,0,0,0,,disabled,unknown,unknown,unknown,unknown,unknown,unknown,0,4,0,,0,70,0,,0,,https://register.dpma.de/DPMAregister/marke/register/erweitert?queryString=lumedel,https://www.swissreg.ch/srclient/faces/jsp/trademark/sr300.jsp?language=de&searchText=lumedel,https://www.tmdn.org/tmview/#/tmsearch?page=1&criteria=lumedel,8,False,,consider
ratidel,blend,ratio;fidel,0.84,global,balanced,93,33,76,0,46,saldeo,0,-2,False,-2,False,-2,False,,,unknown,unknown,,unknown,unknown,0,0,0,,disabled,unknown,unknown,unknown,unknown,unknown,unknown,0,4,0,,0,70,0,,0,,https://register.dpma.de/DPMAregister/marke/register/erweitert?queryString=ratidel,https://www.swissreg.ch/srclient/faces/jsp/trademark/sr300.jsp?language=de&searchText=ratidel,https://www.tmdn.org/tmview/#/tmsearch?page=1&criteria=ratidel,8,False,,consider
ratilid,blend,ratio;solid,0.84,global,balanced,93,33,76,0,46,saldeo,0,-2,False,-2,False,-2,False,,,unknown,unknown,,unknown,unknown,0,0,0,,disabled,unknown,unknown,unknown,unknown,unknown,unknown,0,4,0,,0,70,0,,0,,https://register.dpma.de/DPMAregister/marke/register/erweitert?queryString=ratilid,https://www.swissreg.ch/srclient/faces/jsp/trademark/sr300.jsp?language=de&searchText=ratilid,https://www.tmdn.org/tmview/#/tmsearch?page=1&criteria=ratilid,8,False,,consider
fidelon,source_pool,fidel;on,0.82,global,balanced,93,33,76,0,46,saldeo,0,-2,False,-2,False,-2,False,,,unknown,unknown,,unknown,unknown,0,0,0,,disabled,unknown,unknown,unknown,unknown,unknown,unknown,0,4,0,,0,70,0,,0,,https://register.dpma.de/DPMAregister/marke/register/erweitert?queryString=fidelon,https://www.swissreg.ch/srclient/faces/jsp/trademark/sr300.jsp?language=de&searchText=fidelon,https://www.tmdn.org/tmview/#/tmsearch?page=1&criteria=fidelon,8,False,,consider
terrala,source_pool,terra;la,0.82,global,balanced,93,33,76,0,46,kostal,0,-2,False,-2,False,-2,False,,,unknown,unknown,,unknown,unknown,0,0,0,,disabled,unknown,unknown,unknown,unknown,unknown,unknown,0,4,0,,0,70,0,,0,,https://register.dpma.de/DPMAregister/marke/register/erweitert?queryString=terrala,https://www.swissreg.ch/srclient/faces/jsp/trademark/sr300.jsp?language=de&searchText=terrala,https://www.tmdn.org/tmview/#/tmsearch?page=1&criteria=terrala,8,False,,consider
terralo,source_pool,terra;lo,0.82,global,balanced,93,33,76,0,46,kostal,0,-2,False,-2,False,-2,False,,,unknown,unknown,,unknown,unknown,0,0,0,,disabled,unknown,unknown,unknown,unknown,unknown,unknown,0,4,0,,0,70,0,,0,,https://register.dpma.de/DPMAregister/marke/register/erweitert?queryString=terralo,https://www.swissreg.ch/srclient/faces/jsp/trademark/sr300.jsp?language=de&searchText=terralo,https://www.tmdn.org/tmview/#/tmsearch?page=1&criteria=terralo,8,False,,consider
nestaon,suggestive,nesta;on,0.00,global,balanced,93,33,76,0,46,kostal,0,-2,False,-2,False,-2,False,,,unknown,unknown,,unknown,unknown,0,0,0,,disabled,unknown,unknown,unknown,unknown,unknown,unknown,0,4,0,,0,70,0,,0,,https://register.dpma.de/DPMAregister/marke/register/erweitert?queryString=nestaon,https://www.swissreg.ch/srclient/faces/jsp/trademark/sr300.jsp?language=de&searchText=nestaon,https://www.tmdn.org/tmview/#/tmsearch?page=1&criteria=nestaon,8,False,,consider
fairshala,expression,fairsha;la,0.55,global,balanced,94,35,76,0,50,scalara,0,-2,False,-2,False,-2,False,,,unknown,unknown,,unknown,unknown,0,0,0,,disabled,unknown,unknown,unknown,unknown,unknown,unknown,0,4,0,,0,70,0,,0,,https://register.dpma.de/DPMAregister/marke/register/erweitert?queryString=fairshala,https://www.swissreg.ch/srclient/faces/jsp/trademark/sr300.jsp?language=de&searchText=fairshala,https://www.tmdn.org/tmview/#/tmsearch?page=1&criteria=fairshala,8,False,,consider
fairsharo,expression,fairsha;ro,0.55,global,balanced,94,35,76,0,50,utilaro,0,-2,False,-2,False,-2,False,,,unknown,unknown,,unknown,unknown,0,0,0,,disabled,unknown,unknown,unknown,unknown,unknown,unknown,0,4,0,,0,70,0,,0,,https://register.dpma.de/DPMAregister/marke/register/erweitert?queryString=fairsharo,https://www.swissreg.ch/srclient/faces/jsp/trademark/sr300.jsp?language=de&searchText=fairsharo,https://www.tmdn.org/tmview/#/tmsearch?page=1&criteria=fairsharo,8,False,,consider
safeballa,expression,safebal;la,0.55,global,balanced,94,35,76,0,50,scalara,0,-2,False,-2,False,-2,False,,,unknown,unknown,,unknown,unknown,0,0,0,,disabled,unknown,unknown,unknown,unknown,unknown,unknown,0,4,0,,0,70,0,,0,,https://register.dpma.de/DPMAregister/marke/register/erweitert?queryString=safeballa,https://www.swissreg.ch/srclient/faces/jsp/trademark/sr300.jsp?language=de&searchText=safeballa,https://www.tmdn.org/tmview/#/tmsearch?page=1&criteria=safeballa,8,False,,consider
safebalva,expression,safebal;va,0.55,global,balanced,94,35,76,0,50,scalara,0,-2,False,-2,False,-2,False,,,unknown,unknown,,unknown,unknown,0,0,0,,disabled,unknown,unknown,unknown,unknown,unknown,unknown,0,4,0,,0,70,0,,0,,https://register.dpma.de/DPMAregister/marke/register/erweitert?queryString=safebalva,https://www.swissreg.ch/srclient/faces/jsp/trademark/sr300.jsp?language=de&searchText=safebalva,https://www.tmdn.org/tmview/#/tmsearch?page=1&criteria=safebalva,8,False,,consider
certoly,source_pool,certo;ly,0.86,global,balanced,93,35,75,0,46,costal,0,-2,False,-2,False,-2,False,,,unknown,unknown,,unknown,unknown,0,0,0,,disabled,unknown,unknown,unknown,unknown,unknown,unknown,0,4,0,,8,73,0,,0,,https://register.dpma.de/DPMAregister/marke/register/erweitert?queryString=certoly,https://www.swissreg.ch/srclient/faces/jsp/trademark/sr300.jsp?language=de&searchText=certoly,https://www.tmdn.org/tmview/#/tmsearch?page=1&criteria=certoly,10,False,,consider
terraly,source_pool,terra;ly,0.82,global,balanced,93,35,75,0,46,kostal,0,-2,False,-2,False,-2,False,,,unknown,unknown,,unknown,unknown,0,0,0,,disabled,unknown,unknown,unknown,unknown,unknown,unknown,0,4,0,,8,67,0,,0,,https://register.dpma.de/DPMAregister/marke/register/erweitert?queryString=terraly,https://www.swissreg.ch/srclient/faces/jsp/trademark/sr300.jsp?language=de&searchText=terraly,https://www.tmdn.org/tmview/#/tmsearch?page=1&criteria=terraly,10,False,,consider
nestaex,suggestive,nesta;ex,0.00,global,balanced,93,35,75,0,46,kostal,0,-2,False,-2,False,-2,False,,,unknown,unknown,,unknown,unknown,0,0,0,,disabled,unknown,unknown,unknown,unknown,unknown,unknown,0,4,0,,8,67,0,,0,,https://register.dpma.de/DPMAregister/marke/register/erweitert?queryString=nestaex,https://www.swissreg.ch/srclient/faces/jsp/trademark/sr300.jsp?language=de&searchText=nestaex,https://www.tmdn.org/tmview/#/tmsearch?page=1&criteria=nestaex,10,False,,consider
clarorio,source_pool,claro;rio,0.90,global,balanced,98,37,79,0,53,scalara,0,-2,False,-2,False,-2,False,,,unknown,unknown,,unknown,unknown,0,0,0,,disabled,unknown,unknown,unknown,unknown,unknown,unknown,0,4,0,,0,70,0,,0,,https://register.dpma.de/DPMAregister/marke/register/erweitert?queryString=clarorio,https://www.swissreg.ch/srclient/faces/jsp/trademark/sr300.jsp?language=de&searchText=clarorio,https://www.tmdn.org/tmview/#/tmsearch?page=1&criteria=clarorio,8,False,,consider
stabilvia,source_pool,stabil;via,0.84,global,balanced,94,37,75,0,53,kostal,0,-2,False,-2,False,-2,False,,,unknown,unknown,,unknown,unknown,0,0,0,,disabled,unknown,unknown,unknown,unknown,unknown,unknown,0,4,0,,0,70,0,,0,,https://register.dpma.de/DPMAregister/marke/register/erweitert?queryString=stabilvia,https://www.swissreg.ch/srclient/faces/jsp/trademark/sr300.jsp?language=de&searchText=stabilvia,https://www.tmdn.org/tmview/#/tmsearch?page=1&criteria=stabilvia,8,False,,consider
goodsetro,expression,goodset;ro,0.55,global,balanced,94,37,75,0,40,kostal,0,-2,False,-2,False,-2,False,,,unknown,unknown,,unknown,unknown,0,0,0,,disabled,unknown,unknown,unknown,unknown,unknown,unknown,0,4,0,,0,70,12,double_vowel_repeat,0,,https://register.dpma.de/DPMAregister/marke/register/erweitert?queryString=goodsetro,https://www.swissreg.ch/srclient/faces/jsp/trademark/sr300.jsp?language=de&searchText=goodsetro,https://www.tmdn.org/tmview/#/tmsearch?page=1&criteria=goodsetro,11,False,,consider
ledgereo,suggestive,ledger;eo,0.00,global,balanced,98,39,77,0,57,saldeo,0,-2,False,-2,False,-2,False,,,unknown,unknown,,unknown,unknown,0,0,0,,disabled,unknown,unknown,unknown,unknown,unknown,unknown,0,4,0,,0,70,0,,0,,https://register.dpma.de/DPMAregister/marke/register/erweitert?queryString=ledgereo,https://www.swissreg.ch/srclient/faces/jsp/trademark/sr300.jsp?language=de&searchText=ledgereo,https://www.tmdn.org/tmview/#/tmsearch?page=1&criteria=ledgereo,8,False,,consider
stabilla,source_pool,stabil;la,0.84,global,balanced,95,39,74,0,57,kostal,0,-2,False,-2,False,-2,False,,,unknown,unknown,,unknown,unknown,0,0,0,,disabled,unknown,unknown,unknown,unknown,unknown,unknown,0,4,0,,0,70,0,,0,,https://register.dpma.de/DPMAregister/marke/register/erweitert?queryString=stabilla,https://www.swissreg.ch/srclient/faces/jsp/trademark/sr300.jsp?language=de&searchText=stabilla,https://www.tmdn.org/tmview/#/tmsearch?page=1&criteria=stabilla,8,False,,consider
stabillo,source_pool,stabil;lo,0.84,global,balanced,95,39,74,0,57,kostal,0,-2,False,-2,False,-2,False,,,unknown,unknown,,unknown,unknown,0,0,0,,disabled,unknown,unknown,unknown,unknown,unknown,unknown,0,4,0,,0,70,0,,0,,https://register.dpma.de/DPMAregister/marke/register/erweitert?queryString=stabillo,https://www.swissreg.ch/srclient/faces/jsp/trademark/sr300.jsp?language=de&searchText=stabillo,https://www.tmdn.org/tmview/#/tmsearch?page=1&criteria=stabillo,8,False,,consider
stabilna,source_pool,stabil;na,0.84,global,balanced,95,39,74,0,57,kostal,0,-2,False,-2,False,-2,False,,,unknown,unknown,,unknown,unknown,0,0,0,,disabled,unknown,unknown,unknown,unknown,unknown,unknown,0,4,0,,0,70,0,,0,,https://register.dpma.de/DPMAregister/marke/register/erweitert?queryString=stabilna,https://www.swissreg.ch/srclient/faces/jsp/trademark/sr300.jsp?language=de&searchText=stabilna,https://www.tmdn.org/tmview/#/tmsearch?page=1&criteria=stabilna,8,False,,consider
stabilno,source_pool,stabil;no,0.84,global,balanced,95,39,74,0,57,kostal,0,-2,False,-2,False,-2,False,,,unknown,unknown,,unknown,unknown,0,0,0,,disabled,unknown,unknown,unknown,unknown,unknown,unknown,0,4,0,,0,70,0,,0,,https://register.dpma.de/DPMAregister/marke/register/erweitert?queryString=stabilno,https://www.swissreg.ch/srclient/faces/jsp/trademark/sr300.jsp?language=de&searchText=stabilno,https://www.tmdn.org/tmview/#/tmsearch?page=1&criteria=stabilno,8,False,,consider
stabilon,source_pool,stabil;on,0.84,global,balanced,95,39,74,0,57,kostal,0,-2,False,-2,False,-2,False,,,unknown,unknown,,unknown,unknown,0,0,0,,disabled,unknown,unknown,unknown,unknown,unknown,unknown,0,4,0,,0,70,0,,0,,https://register.dpma.de/DPMAregister/marke/register/erweitert?queryString=stabilon,https://www.swissreg.ch/srclient/faces/jsp/trademark/sr300.jsp?language=de&searchText=stabilon,https://www.tmdn.org/tmview/#/tmsearch?page=1&criteria=stabilon,8,False,,consider
stabilly,source_pool,stabil;ly,0.84,global,balanced,95,41,73,0,57,kostal,0,-2,False,-2,False,-2,False,,,unknown,unknown,,unknown,unknown,0,0,0,,disabled,unknown,unknown,unknown,unknown,unknown,unknown,0,4,0,,8,67,0,,0,,https://register.dpma.de/DPMAregister/marke/register/erweitert?queryString=stabilly,https://www.swissreg.ch/srclient/faces/jsp/trademark/sr300.jsp?language=de&searchText=stabilly,https://www.tmdn.org/tmview/#/tmsearch?page=1&criteria=stabilly,10,False,,consider
certoon,source_pool,certo;on,0.86,global,balanced,93,42,72,0,30,objego,0,-2,False,-2,False,-2,False,,,unknown,unknown,,unknown,unknown,0,0,0,,disabled,unknown,unknown,unknown,unknown,unknown,unknown,0,4,0,,0,76,28,double_vowel_repeat;synthetic_suffix,0,,https://register.dpma.de/DPMAregister/marke/register/erweitert?queryString=certoon,https://www.swissreg.ch/srclient/faces/jsp/trademark/sr300.jsp?language=de&searchText=certoon,https://www.tmdn.org/tmview/#/tmsearch?page=1&criteria=certoon,15,False,,consider
certoto,source_pool,certo;to,0.86,global,balanced,93,43,71,0,30,objego,0,-2,False,-2,False,-2,False,,,unknown,unknown,,unknown,unknown,0,0,0,,disabled,unknown,unknown,unknown,unknown,unknown,unknown,0,4,0,,0,76,30,repeated_bigram;synthetic_suffix,0,,https://register.dpma.de/DPMAregister/marke/register/erweitert?queryString=certoto,https://www.swissreg.ch/srclient/faces/jsp/trademark/sr300.jsp?language=de&searchText=certoto,https://www.tmdn.org/tmview/#/tmsearch?page=1&criteria=certoto,15,False,,consider
clarovia,source_pool,claro;via,0.90,global,balanced,98,44,75,0,66,scalara,0,-2,False,-2,False,-2,False,,,unknown,unknown,,unknown,unknown,0,0,0,,disabled,unknown,unknown,unknown,unknown,unknown,unknown,0,4,0,,0,70,0,,0,,https://register.dpma.de/DPMAregister/marke/register/erweitert?queryString=clarovia,https://www.swissreg.ch/srclient/faces/jsp/trademark/sr300.jsp?language=de&searchText=clarovia,https://www.tmdn.org/tmview/#/tmsearch?page=1&criteria=clarovia,8,False,,consider
